timestamp;leftHandX;leftHandY;leftHandZ;rightHandX;rightHandY;rightHandZ
31.01.2025 18:30:03;-0,695;1,791;2,536;-0,695;1,791;2,536
31.01.2025 18:30:06;-0,4784418;0,5738245;2,417945;-0,6296262;0,5058371;2,388273
31.01.2025 18:30:07;-0,4776021;0,5703579;2,416234;-0,6289424;0,5057154;2,388211
31.01.2025 18:30:08;-0,4771495;0,5717967;2,416428;-0,6288381;0,5059639;2,388188
31.01.2025 18:30:09;-0,478128;0,5626062;2,415936;-0,6263583;0,5048665;2,393742
31.01.2025 18:30:10;-0,4891592;0,4802654;2,35256;-0,6498438;0,4485782;2,333782
31.01.2025 18:30:11;-0,4916554;0,5201179;2,361521;-0,6469451;0,4525214;2,338018
31.01.2025 18:30:12;-0,4966732;0,5190357;2,368276;-0,6506752;0,4674571;2,355281
31.01.2025 18:30:13;-0,5029673;0,5185066;2,365261;-0,6560264;0,4641514;2,351987
31.01.2025 18:30:14;-0,4957018;0,5146434;2,361802;-0,6505443;0,4634796;2,346912
31.01.2025 18:30:15;-0,4987864;0,5261183;2,366029;-0,651997;0,4722216;2,350409
31.01.2025 18:30:16;-0,4985177;0,5177385;2,363777;-0,6515447;0,4673985;2,349822
31.01.2025 18:30:17;-0,5010576;0,5251242;2,365763;-0,6561374;0,467784;2,348162
31.01.2025 18:30:18;-0,4986078;0,5208498;2,365979;-0,6526093;0,4701784;2,350176
31.01.2025 18:30:19;-0,4965246;0,5112484;2,365378;-0,6513037;0,4649545;2,350232
31.01.2025 18:30:20;-0,4964036;0,5121433;2,366914;-0,6514028;0,4597887;2,351237
31.01.2025 18:30:21;-0,4972866;0,5082296;2,364899;-0,6522141;0,4566125;2,349616
31.01.2025 18:30:22;-0,4952583;0,5053734;2,36509;-0,6503106;0,4555346;2,349406
31.01.2025 18:30:23;-0,4956768;0,5056978;2,365497;-0,6501696;0,4555287;2,349797
31.01.2025 18:30:24;-0,430436;0,4667059;2,435962;-0,6030959;0,5072159;2,362729
31.01.2025 18:30:25;-0,5467458;0,4274703;2,764869;-0,6240219;0,4572479;2,619735
31.01.2025 18:30:26;-0,4963988;0,3958708;2,695969;-0,6074299;0,409685;2,571725
31.01.2025 18:30:27;-0,4895367;0,4075221;2,634624;-0,6173998;0,4139538;2,530047
31.01.2025 18:30:28;-0,5575402;0,696893;3,090193;-0,6457938;0,738358;2,911559
31.01.2025 18:30:29;-0,08515036;0,9277447;3,562401;0,02512956;0,8895633;3,388188
31.01.2025 18:30:30;-0,695;1,791;2,536;-0,695;1,791;2,536
31.01.2025 18:30:31;-0,695;1,791;2,536;0,3274543;0,8664889;2,065359
31.01.2025 18:30:32;0,07755774;0,6098506;3,077951;0,362117;0,8529028;2,026116
31.01.2025 18:30:33;0,06681156;0,7187234;3,129696;0,4925782;0,6859097;1,986753
31.01.2025 18:30:34;0,0723893;0,7196814;3,125908;0,5107107;0,6638891;1,979628
timestamp;leftHandX;leftHandY;leftHandZ;rightHandX;rightHandY;rightHandZ
31.01.2025 18:31:52;-0,695;1,791;2,536;-0,695;1,791;2,536
31.01.2025 18:31:55;-0,695;1,791;2,536;-0,695;1,791;2,536
31.01.2025 18:31:56;-0,3533511;1,322314;2,799114;-0,695;1,791;2,536
31.01.2025 18:31:57;-0,3543852;1,322527;2,79456;-0,695;1,791;2,536
31.01.2025 18:31:58;-0,3548739;1,323534;2,798726;-0,695;1,791;2,536
31.01.2025 18:31:59;-0,3583601;1,326279;2,795805;-0,2925012;1,502476;2,52876
31.01.2025 18:32:00;-0,3572062;1,323578;2,797079;-0,3004399;1,520369;2,514557
31.01.2025 18:32:01;-0,3529536;1,316388;2,802479;-0,3337469;1,534458;2,495547
31.01.2025 18:32:02;-0,3615279;1,331332;2,795551;-0,695;1,791;2,536
31.01.2025 18:32:03;-0,3579717;1,327366;2,799716;-0,695;1,791;2,536
31.01.2025 18:32:04;-0,3550652;1,325765;2,795787;-0,3614856;1,554773;2,486176
31.01.2025 18:32:05;-0,695;1,791;2,536;-0,3429691;1,450275;2,497568
31.01.2025 18:32:06;-0,695;1,791;2,536;-0,695;1,791;2,536
31.01.2025 18:32:07;-0,695;1,791;2,536;-0,695;1,791;2,536
31.01.2025 18:32:08;-0,3490012;1,320637;2,795139;-0,3626257;1,506073;2,535853
31.01.2025 18:32:09;-0,695;1,791;2,536;-0,695;1,791;2,536
31.01.2025 18:32:10;-0,3576845;1,328487;2,792295;-0,3318111;1,544271;2,515111
31.01.2025 18:32:11;-0,3542539;1,322987;2,797502;-0,695;1,791;2,536
31.01.2025 18:32:12;-0,3586828;1,330917;2,797415;-0,2253393;1,362074;2,331631
timestamp;leftHandX;leftHandY;leftHandZ;rightHandX;rightHandY;rightHandZ
31.01.2025 18:36:34;-0,695;1,791;2,536;-0,695;1,791;2,536
31.01.2025 18:36:37;-0,695;1,791;2,536;-0,695;1,791;2,536
31.01.2025 18:36:38;-0,695;1,791;2,536;-0,2477304;1,330904;2,343464
31.01.2025 18:36:39;-0,695;1,791;2,536;-0,2342724;1,319468;2,345222
31.01.2025 18:36:40;-0,695;1,791;2,536;-0,2294631;1,318373;2,346594
31.01.2025 18:36:41;-0,695;1,791;2,536;-0,2348012;1,378954;2,334452
31.01.2025 18:36:42;-0,695;1,791;2,536;-0,2928448;1,362012;2,410166
31.01.2025 18:36:43;-0,695;1,791;2,536;-0,3257671;1,349424;2,442161
31.01.2025 18:36:44;-0,695;1,791;2,536;-0,2986267;1,347262;2,411765
31.01.2025 18:36:45;-0,4359156;1,307065;2,683235;-0,2696213;1,372256;2,365233
31.01.2025 18:36:46;-0,4333468;1,317661;2,681998;-0,2653643;1,377431;2,3642
31.01.2025 18:36:47;-0,4224154;1,316526;2,680436;-0,2339896;1,324974;2,326041
31.01.2025 18:36:48;-0,4273234;1,318412;2,671942;-0,2314196;1,321429;2,323698
31.01.2025 18:36:49;-0,4294097;1,340073;2,690811;-0,2350468;1,325934;2,324093
31.01.2025 18:36:50;-0,4165591;1,315092;2,681185;-0,237392;1,323087;2,326088
31.01.2025 18:36:51;-0,42404;1,327781;2,680718;-0,2348927;1,326255;2,32863
31.01.2025 18:36:52;-0,695;1,791;2,536;-0,2280706;1,333472;2,32633
31.01.2025 18:36:53;-0,3756259;1,32893;2,767412;-0,2397783;1,337155;2,330246
31.01.2025 18:36:55;-0,364355;1,32574;2,788291;-0,2323484;1,324964;2,323236
31.01.2025 18:36:56;-0,3629367;1,322626;2,788629;-0,2352933;1,327743;2,328895
31.01.2025 18:36:57;-0,3618374;1,320401;2,787989;-0,240399;1,331103;2,328512
31.01.2025 18:36:58;-0,3644926;1,32347;2,787585;-0,244325;1,336017;2,331405
31.01.2025 18:36:59;-0,3647787;1,324287;2,787784;-0,2461758;1,339112;2,332052
31.01.2025 18:37:00;-0,3572306;1,327069;2,801306;-0,2407607;1,331425;2,329983
31.01.2025 18:37:01;-0,3594857;1,33039;2,803998;-0,225399;1,319365;2,325106
31.01.2025 18:37:02;-0,3637937;1,333175;2,802948;-0,2199637;1,31198;2,320923
31.01.2025 18:37:03;-0,3707372;1,335551;2,800771;-0,2416322;1,336157;2,324151
31.01.2025 18:37:04;-0,617578;1,722509;2,884153;-0,234914;1,327912;2,33004
31.01.2025 18:37:05;-0,695;1,791;2,536;-0,695;1,791;2,536
31.01.2025 18:37:06;-0,695;1,791;2,536;-0,695;1,791;2,536
31.01.2025 18:37:07;-0,695;1,791;2,536;-0,695;1,791;2,536
31.01.2025 18:37:08;-0,3506629;1,320301;2,815784;-0,695;1,791;2,536
31.01.2025 18:37:09;-0,3505382;1,324505;2,818894;-0,695;1,791;2,536
31.01.2025 18:37:10;-0,3518989;1,322807;2,816196;-0,695;1,791;2,536
31.01.2025 18:37:11;-0,3486698;1,309568;2,814656;-0,695;1,791;2,536
31.01.2025 18:37:12;-0,3531508;1,330801;2,813349;-0,205378;1,346576;2,313509
31.01.2025 18:37:13;-0,3523555;1,333516;2,81142;-0,1891328;1,305858;2,295937
31.01.2025 18:37:14;-0,3503159;1,3339;2,8218;-0,1837271;1,301467;2,295485
31.01.2025 18:37:15;-0,3473814;1,331676;2,820259;-0,1843172;1,320597;2,305559
31.01.2025 18:37:16;-0,3490546;1,331833;2,818661;-0,202885;1,359361;2,299997
31.01.2025 18:37:17;-0,3481685;1,322183;2,826845;-0,695;1,791;2,536
31.01.2025 18:37:18;-0,3490757;1,328257;2,822536;-0,695;1,791;2,536
31.01.2025 18:37:19;-0,346296;1,311146;2,817675;-0,2011126;1,303541;2,299955
31.01.2025 18:37:20;-0,3499471;1,328838;2,803406;-0,1986061;1,309965;2,297046
31.01.2025 18:37:21;-0,3453994;1,311471;2,811579;-0,2064056;1,318017;2,29874
31.01.2025 18:37:22;-0,3522258;1,333253;2,818725;-0,2011452;1,305346;2,29547
31.01.2025 18:37:23;-0,3502989;1,331007;2,814811;-0,2069986;1,312692;2,299214
31.01.2025 18:37:24;-0,3498595;1,322936;2,821473;-0,695;1,791;2,536
31.01.2025 18:37:25;-0,347552;1,318259;2,824262;-0,695;1,791;2,536
31.01.2025 18:37:26;-0,3519318;1,328596;2,821046;-0,695;1,791;2,536
31.01.2025 18:37:27;-0,351308;1,332018;2,818331;-0,2087477;1,335704;2,318294
31.01.2025 18:37:28;-0,3502621;1,328978;2,817709;-0,208876;1,323167;2,309859
31.01.2025 18:37:29;-0,3545495;1,340894;2,818779;-0,1940606;1,304111;2,309516
31.01.2025 18:37:30;-0,3526261;1,338695;2,818319;-0,2089609;1,322085;2,312978
31.01.2025 18:37:31;-0,3540793;1,340713;2,817103;-0,1999195;1,299426;2,304113
31.01.2025 18:37:33;-0,348241;1,326721;2,811561;-0,2020464;1,311883;2,310892
31.01.2025 18:37:34;-0,3512791;1,327385;2,813249;-0,1991898;1,309011;2,311434
31.01.2025 18:37:35;-0,3471236;1,313221;2,815054;-0,2143996;1,329517;2,310889
31.01.2025 18:37:36;-0,3379739;1,305686;2,82647;-0,206507;1,323301;2,310901
31.01.2025 18:37:37;-0,3452029;1,324545;2,819442;-0,1991354;1,307847;2,312151
31.01.2025 18:37:38;-0,3474096;1,326086;2,817517;-0,1986919;1,313753;2,314778
31.01.2025 18:37:39;-0,3433941;1,314153;2,820181;-0,2415486;1,549817;2,422165
31.01.2025 18:37:40;-0,3603291;1,358657;2,812196;-0,695;1,791;2,536
31.01.2025 18:37:41;-0,344027;1,316536;2,822623;-0,695;1,791;2,536
31.01.2025 18:37:42;-0,349832;1,327765;2,822969;-0,695;1,791;2,536
31.01.2025 18:37:43;-0,3475787;1,321722;2,825258;-0,695;1,791;2,536
31.01.2025 18:37:44;-0,3502053;1,322039;2,823692;-0,695;1,791;2,536
31.01.2025 18:37:45;-0,3474265;1,327776;2,818288;-0,1930969;1,331981;2,300515
31.01.2025 18:37:46;-0,3469698;1,326573;2,819592;-0,1779742;1,308223;2,288248
31.01.2025 18:37:47;-0,3473211;1,327432;2,818167;-0,1761037;1,304244;2,284332
31.01.2025 18:37:48;-0,3347568;1,3036;2,82831;-0,1791983;1,308223;2,289969
31.01.2025 18:37:49;-0,3460389;1,322866;2,819712;-0,1830581;1,31755;2,295306
31.01.2025 18:37:50;-0,3496304;1,332732;2,817116;-0,179817;1,311691;2,29067
31.01.2025 18:37:51;-0,347497;1,328631;2,818009;-0,1743208;1,309308;2,292778
31.01.2025 18:37:52;-0,3442433;1,319701;2,8201;-0,1867334;1,320119;2,294548
31.01.2025 18:37:53;-0,3450354;1,322426;2,819951;-0,1924533;1,329015;2,298094
31.01.2025 18:37:54;-0,3324457;1,305112;2,827959;-0,1854392;1,312397;2,293972
31.01.2025 18:37:55;-0,3463488;1,326641;2,82076;-0,695;1,791;2,536
31.01.2025 18:37:56;-0,3477259;1,32267;2,818655;-0,695;1,791;2,536
31.01.2025 18:37:57;-0,3477047;1,322677;2,822608;-0,695;1,791;2,536
31.01.2025 18:37:58;-0,5789893;1,653133;2,768959;-0,2057694;1,320701;2,319444
31.01.2025 18:37:59;-0,695;1,791;2,536;-0,2018531;1,322906;2,317346
31.01.2025 18:38:00;-0,695;1,791;2,536;-0,2009462;1,319541;2,313996
31.01.2025 18:38:01;-0,695;1,791;2,536;-0,2023571;1,321729;2,313329
31.01.2025 18:38:02;-0,695;1,791;2,536;-0,2001824;1,315643;2,309177
31.01.2025 18:38:03;-0,695;1,791;2,536;-0,2063635;1,32291;2,31032
31.01.2025 18:38:04;-0,695;1,791;2,536;-0,2062247;1,318847;2,308963
31.01.2025 18:38:05;-0,3318731;1,325123;2,814468;-0,1975115;1,314665;2,314035
31.01.2025 18:38:06;-0,3214884;1,390795;2,817521;-0,1943524;1,312571;2,312922
31.01.2025 18:38:07;-0,3277678;1,327944;2,816262;-0,2031772;1,317867;2,30901
31.01.2025 18:38:08;-0,3262924;1,322737;2,817621;-0,2065892;1,323838;2,315302
31.01.2025 18:38:09;-0,3306425;1,34112;2,813589;-0,2054805;1,324687;2,319031
timestamp;leftHandX;leftHandY;leftHandZ;rightHandX;rightHandY;rightHandZ
31.01.2025 18:40:27;-0,695;1,791;2,536;-0,695;1,791;2,536
31.01.2025 18:40:30;-0,695;1,791;2,536;-0,695;1,791;2,536
31.01.2025 18:40:31;-0,3207263;1,597674;2,736871;-0,1610606;1,283979;2,310924
31.01.2025 18:40:32;-0,695;1,791;2,536;-0,180566;1,330375;2,334219
31.01.2025 18:40:33;-0,5249072;1,459583;2,780204;-0,4401772;1,42143;2,417858
31.01.2025 18:40:34;-0,4798106;1,350617;2,717081;-0,5018807;1,300879;2,395234
31.01.2025 18:40:35;-0,4813665;1,31381;2,712718;-0,473087;1,338166;2,46155
31.01.2025 18:40:36;-0,4805832;1,326172;2,703689;-0,4656006;1,325735;2,469088
31.01.2025 18:40:37;-0,4335403;1,385755;2,670605;-0,4758702;1,35033;2,441978
31.01.2025 18:40:38;-0,4272628;1,36632;2,679981;-0,4757183;1,300954;2,521758
31.01.2025 18:40:39;-0,4230316;1,390436;2,667165;-0,4809985;1,339171;2,481937
31.01.2025 18:40:40;-0,695;1,791;2,536;-0,4565218;1,286767;2,489372
31.01.2025 18:40:41;-0,421372;1,329444;2,69539;-0,4619657;1,323538;2,480765
31.01.2025 18:40:42;-0,695;1,791;2,536;-0,4681466;1,303037;2,493266
31.01.2025 18:40:43;-0,695;1,791;2,536;-0,4726688;1,350571;2,467174
31.01.2025 18:40:44;-0,427613;1,348285;2,700137;-0,4858975;1,322119;2,47528
31.01.2025 18:40:45;-0,4194606;1,348081;2,702529;-0,4863321;1,322692;2,480411
31.01.2025 18:40:46;-0,4198758;1,345767;2,703843;-0,4864735;1,324147;2,480138
31.01.2025 18:40:47;-0,695;1,791;2,536;-0,4843767;1,327956;2,475949
31.01.2025 18:40:48;-0,421049;1,343839;2,705235;-0,4829957;1,322598;2,477692
31.01.2025 18:40:49;-0,3399177;1,440334;2,697196;-0,3245987;1,428056;2,415386
31.01.2025 18:40:50;-0,695;1,791;2,536;-0,3680296;1,402849;2,307127
31.01.2025 18:40:51;-0,3846887;1,597623;2,702769;-0,449992;1,323481;2,379325
31.01.2025 18:40:52;-0,695;1,791;2,536;-0,4409993;1,31761;2,392644
31.01.2025 18:40:53;-0,695;1,791;2,536;-0,1977154;1,363666;2,334266
timestamp;leftHandX;leftHandY;leftHandZ;rightHandX;rightHandY;rightHandZ
31.01.2025 18:47:38;-0,695;1,791;2,536;-0,695;1,791;2,536
31.01.2025 18:47:41;-0,695;1,791;2,536;-0,695;1,791;2,536
31.01.2025 18:47:42;-0,523407;1,520925;2,697216;-0,4839325;1,550278;2,465749
31.01.2025 18:47:43;-0,695;1,791;2,536;-0,695;1,791;2,536
31.01.2025 18:47:44;-0,695;1,791;2,536;-0,695;1,791;2,536
31.01.2025 18:47:45;-0,695;1,791;2,536;-0,695;1,791;2,536
31.01.2025 18:47:46;-0,5021624;1,499935;2,700492;-0,4621003;1,564079;2,482575
31.01.2025 18:47:47;-0,4871861;1,473973;2,674967;-0,695;1,791;2,536
31.01.2025 18:47:48;-0,4858255;1,476086;2,679838;-0,695;1,791;2,536
31.01.2025 18:47:49;-0,695;1,791;2,536;-0,695;1,791;2,536
31.01.2025 18:47:50;-0,695;1,791;2,536;-0,695;1,791;2,536
31.01.2025 18:47:51;-0,486478;1,469441;2,679947;-0,4128754;1,501334;2,454098
31.01.2025 18:47:52;-0,4905608;1,502655;2,679871;-0,4637107;1,549223;2,474892
31.01.2025 18:47:53;-0,4759479;1,530061;2,725109;-0,695;1,791;2,536
31.01.2025 18:47:54;-0,4672609;1,515709;2,728505;-0,3951216;1,563332;2,4159
31.01.2025 18:47:55;-0,4590859;1,508644;2,712451;-0,3596635;1,551763;2,414276
31.01.2025 18:47:56;-0,4218019;1,4998;2,739786;-0,3697273;1,571869;2,413213
31.01.2025 18:47:57;-0,4081543;1,53994;2,702194;-0,3917419;1,556791;2,467613
31.01.2025 18:47:58;-0,3838176;1,517271;2,719738;-0,3219995;1,537546;2,439814
31.01.2025 18:47:59;-0,3719625;1,336999;2,627708;-0,400703;1,581839;2,368676
31.01.2025 18:48:00;-0,3353186;1,248182;2,590641;-0,695;1,791;2,536
31.01.2025 18:48:01;-0,695;1,791;2,536;-0,695;1,791;2,536
31.01.2025 18:48:02;-0,695;1,791;2,536;-0,4136866;1,579942;2,400299
31.01.2025 18:48:03;-0,3758861;1,324764;2,638616;-0,695;1,791;2,536
31.01.2025 18:48:04;-0,3741968;1,318337;2,638211;-0,08260339;1,434468;2,60025
31.01.2025 18:48:05;-0,3532377;1,330391;2,743353;-0,1946165;1,358174;2,303319
31.01.2025 18:48:06;-0,3752015;1,333266;2,768177;-0,207338;1,326722;2,30115
31.01.2025 18:48:07;-0,3772192;1,341435;2,764362;-0,2046681;1,319872;2,297411
31.01.2025 18:48:08;-0,3788996;1,339228;2,763296;-0,208196;1,3266;2,299361
31.01.2025 18:48:10;-0,3778752;1,340341;2,762234;-0,2016042;1,322537;2,296907
timestamp;leftHandX;leftHandY;leftHandZ;rightHandX;rightHandY;rightHandZ
31.01.2025 18:49:30;-0,695;1,791;2,536;-0,695;1,791;2,536
31.01.2025 18:49:33;-0,695;1,791;2,536;-0,695;1,791;2,536
31.01.2025 18:49:34;-0,58132;1,62719;2,613598;-0,2054678;1,316058;2,299475
31.01.2025 18:49:35;-0,4041378;1,408937;2,613311;-0,1937584;1,315598;2,300604
31.01.2025 18:49:36;-0,695;1,791;2,536;-0,2299687;1,322465;2,311289
31.01.2025 18:49:37;-0,695;1,791;2,536;-0,2315732;1,321712;2,312282
31.01.2025 18:49:38;-0,695;1,791;2,536;-0,695;1,791;2,536
31.01.2025 18:49:39;-0,695;1,791;2,536;-0,695;1,791;2,536
31.01.2025 18:49:40;-0,695;1,791;2,536;-0,695;1,791;2,536
31.01.2025 18:49:41;-0,695;1,791;2,536;-0,2537078;1,332356;2,326775
31.01.2025 18:49:42;-0,695;1,791;2,536;-0,2588799;1,339092;2,318038
31.01.2025 18:49:43;-0,695;1,791;2,536;-0,247833;1,337324;2,3272
31.01.2025 18:49:44;-0,695;1,791;2,536;-0,2455194;1,341178;2,328492
31.01.2025 18:49:45;-0,695;1,791;2,536;-0,2332864;1,333386;2,329622
31.01.2025 18:49:46;-0,695;1,791;2,536;-0,2190895;1,325803;2,314914
31.01.2025 18:49:47;-0,695;1,791;2,536;-0,2160857;1,324446;2,316405
31.01.2025 18:49:48;-0,695;1,791;2,536;-0,2144208;1,324389;2,315949
31.01.2025 18:49:49;-0,695;1,791;2,536;-0,218024;1,325979;2,319521
31.01.2025 18:49:50;-0,695;1,791;2,536;-0,2212598;1,326463;2,316229
31.01.2025 18:49:51;-0,695;1,791;2,536;-0,2332175;1,331697;2,32498
31.01.2025 18:49:52;-0,695;1,791;2,536;-0,2025621;1,316318;2,315466
31.01.2025 18:49:53;-0,5183007;1,435073;2,48662;-0,2062857;1,313343;2,307287
31.01.2025 18:49:54;-0,5218323;1,406041;2,483151;-0,2179422;1,315669;2,31057
31.01.2025 18:49:55;-0,5235832;1,409187;2,483391;-0,2178038;1,314963;2,310603
31.01.2025 18:49:56;-0,5234921;1,404545;2,482269;-0,2163626;1,313453;2,309061
31.01.2025 18:49:57;-0,5230595;1,431506;2,484433;-0,2182027;1,315452;2,310848
31.01.2025 18:49:58;-0,5259994;1,402105;2,482419;-0,2156535;1,311856;2,308232
31.01.2025 18:49:59;-0,695;1,791;2,536;-0,695;1,791;2,536
31.01.2025 18:50:00;-0,695;1,791;2,536;-0,2058912;1,316638;2,311219
31.01.2025 18:50:01;-0,695;1,791;2,536;-0,2381092;1,339343;2,327551
31.01.2025 18:50:02;-0,695;1,791;2,536;-0,2325132;1,333795;2,325627
31.01.2025 18:50:03;-0,695;1,791;2,536;-0,2255465;1,327664;2,320026
31.01.2025 18:50:04;-0,695;1,791;2,536;-0,2281122;1,329815;2,320299
31.01.2025 18:50:05;-0,695;1,791;2,536;-0,2293322;1,329689;2,323058
31.01.2025 18:50:06;-0,695;1,791;2,536;-0,695;1,791;2,536
31.01.2025 18:50:07;-0,695;1,791;2,536;-0,695;1,791;2,536
31.01.2025 18:50:08;-0,695;1,791;2,536;-0,695;1,791;2,536
31.01.2025 18:50:09;-0,695;1,791;2,536;-0,2138224;1,313429;2,307976
31.01.2025 18:50:10;-0,695;1,791;2,536;-0,216223;1,315457;2,309515
31.01.2025 18:50:11;-0,695;1,791;2,536;-0,2075664;1,307923;2,306569
31.01.2025 18:50:12;-0,695;1,791;2,536;-0,2083893;1,308878;2,306377
31.01.2025 18:50:13;-0,695;1,791;2,536;-0,2159226;1,314149;2,31068
31.01.2025 18:50:14;-0,695;1,791;2,536;-0,2128464;1,317257;2,30576
31.01.2025 18:50:15;-0,695;1,791;2,536;-0,2170132;1,314076;2,309315
31.01.2025 18:50:17;-0,695;1,791;2,536;-0,2149623;1,311839;2,308246
31.01.2025 18:50:18;-0,695;1,791;2,536;-0,695;1,791;2,536
31.01.2025 18:50:19;-0,695;1,791;2,536;-0,1996635;1,314223;2,30387
31.01.2025 18:50:20;-0,695;1,791;2,536;-0,2167187;1,316024;2,300219
31.01.2025 18:50:21;-0,695;1,791;2,536;-0,2284508;1,323685;2,301954
31.01.2025 18:50:22;-0,695;1,791;2,536;-0,695;1,791;2,536
31.01.2025 18:50:23;-0,695;1,791;2,536;-0,695;1,791;2,536
31.01.2025 18:50:24;-0,695;1,791;2,536;-0,2290567;1,323469;2,310624
31.01.2025 18:50:25;-0,695;1,791;2,536;-0,695;1,791;2,536
31.01.2025 18:50:26;-0,695;1,791;2,536;-0,2152861;1,314008;2,303341
31.01.2025 18:50:27;-0,695;1,791;2,536;-0,695;1,791;2,536
31.01.2025 18:50:28;-0,695;1,791;2,536;-0,695;1,791;2,536
31.01.2025 18:50:29;-0,3566106;1,369551;2,79571;-0,210847;1,313987;2,312762
31.01.2025 18:50:30;-0,3438928;1,329731;2,800008;-0,2326287;1,334772;2,320875
31.01.2025 18:50:31;-0,3435343;1,331895;2,799131;-0,2158957;1,314837;2,313155
31.01.2025 18:50:32;-0,3423248;1,331881;2,79995;-0,2097965;1,310099;2,310211
31.01.2025 18:50:33;-0,3393441;1,32457;2,805686;-0,2605899;1,326197;2,490566
31.01.2025 18:50:34;-0,3382492;1,324718;2,80147;-0,2675013;1,336164;2,523236
31.01.2025 18:50:35;-0,3391971;1,319952;2,801751;-0,2610149;1,315454;2,517004
31.01.2025 18:50:36;-0,3369812;1,32243;2,803913;-0,4800594;1,638177;2,407045
31.01.2025 18:50:37;-0,3434356;1,321968;2,801718;-0,2540712;1,313684;2,473317
31.01.2025 18:50:38;-0,3380104;1,318215;2,802258;-0,2579237;1,31387;2,473684
31.01.2025 18:50:39;-0,695;1,791;2,536;-0,2673245;1,328288;2,476486
31.01.2025 18:50:40;-0,695;1,791;2,536;-0,695;1,791;2,536
31.01.2025 18:50:41;-0,695;1,791;2,536;-0,695;1,791;2,536
31.01.2025 18:50:42;-0,695;1,791;2,536;-0,695;1,791;2,536
31.01.2025 18:50:43;-0,695;1,791;2,536;-0,2407336;1,341355;2,334955
31.01.2025 18:50:44;-0,695;1,791;2,536;-0,695;1,791;2,536
31.01.2025 18:50:45;-0,695;1,791;2,536;-0,695;1,791;2,536
31.01.2025 18:50:46;-0,695;1,791;2,536;-0,695;1,791;2,536
31.01.2025 18:50:47;-0,695;1,791;2,536;-0,695;1,791;2,536
31.01.2025 18:50:48;-0,5309374;1,353674;2,492278;-0,2007591;1,304953;2,309624
31.01.2025 18:50:49;-0,5298877;1,352434;2,490771;-0,2036236;1,30259;2,310969
31.01.2025 18:50:50;-0,5271286;1,352946;2,489813;-0,2044252;1,303044;2,310152
31.01.2025 18:50:51;-0,5271378;1,352374;2,490538;-0,2012595;1,301481;2,31046
31.01.2025 18:50:52;-0,5331647;1,358686;2,493633;-0,2021916;1,304801;2,314509
31.01.2025 18:50:53;-0,5293216;1,347868;2,486008;-0,2069844;1,303857;2,311651
31.01.2025 18:50:54;-0,695;1,791;2,536;-0,2020817;1,306661;2,315446
31.01.2025 18:50:55;-0,3801463;1,359976;2,782032;-0,2355642;1,346466;2,336733
31.01.2025 18:50:56;-0,3542018;1,330419;2,819534;-0,2295954;1,340671;2,32648
31.01.2025 18:50:57;-0,3542634;1,331033;2,820508;-0,2360712;1,347334;2,337382
31.01.2025 18:50:58;-0,3538983;1,332353;2,819075;-0,2455879;1,352577;2,336212
31.01.2025 18:50:59;-0,3523685;1,329308;2,822158;-0,2374512;1,349761;2,336726
31.01.2025 18:51:00;-0,3533891;1,328768;2,818631;-0,2071771;1,307971;2,316518
31.01.2025 18:51:01;-0,3548777;1,333079;2,818801;-0,2023016;1,307788;2,316779
31.01.2025 18:51:02;-0,3575641;1,335983;2,81886;-0,2165368;1,318953;2,317997
31.01.2025 18:51:03;-0,356234;1,333919;2,818852;-0,2215809;1,323085;2,315934
31.01.2025 18:51:04;-0,354813;1,333019;2,820084;-0,2163745;1,31766;2,313772
31.01.2025 18:51:05;-0,695;1,791;2,536;-0,2384877;1,325127;2,328986
31.01.2025 18:51:06;-0,695;1,791;2,536;-0,2172649;1,307777;2,321516
31.01.2025 18:51:07;-0,695;1,791;2,536;-0,2287264;1,332405;2,334315
31.01.2025 18:51:08;-0,695;1,791;2,536;-0,233651;1,32893;2,334034
31.01.2025 18:51:09;-0,695;1,791;2,536;-0,2146215;1,310063;2,312505
31.01.2025 18:51:10;-0,695;1,791;2,536;-0,2097108;1,304301;2,313078
31.01.2025 18:51:11;-0,695;1,791;2,536;-0,2067182;1,29956;2,31653
31.01.2025 18:51:12;-0,695;1,791;2,536;-0,2242609;1,306231;2,317282
31.01.2025 18:51:13;-0,695;1,791;2,536;-0,2039437;1,306424;2,314992
31.01.2025 18:51:14;-0,695;1,791;2,536;-0,695;1,791;2,536
31.01.2025 18:51:15;-0,695;1,791;2,536;-0,695;1,791;2,536
31.01.2025 18:51:16;-0,695;1,791;2,536;-0,695;1,791;2,536
31.01.2025 18:51:17;-0,3527746;1,321396;2,816135;-0,2174391;1,31744;2,31917
31.01.2025 18:51:18;-0,3544429;1,330641;2,815936;-0,2241066;1,321994;2,322284
31.01.2025 18:51:19;-0,3535179;1,331032;2,815943;-0,2222473;1,321183;2,316257
31.01.2025 18:51:20;-0,3514121;1,328359;2,816013;-0,2220964;1,323659;2,31688
31.01.2025 18:51:21;-0,3524493;1,329383;2,816448;-0,2122792;1,318298;2,314032
31.01.2025 18:51:22;-0,3518531;1,329286;2,816713;-0,2214104;1,322911;2,317074
31.01.2025 18:51:23;-0,3529997;1,329815;2,815937;-0,2268704;1,32608;2,318566
31.01.2025 18:51:24;-0,352297;1,328228;2,8165;-0,2319241;1,329211;2,321698
31.01.2025 18:51:25;-0,3509435;1,327452;2,816798;-0,2310906;1,328664;2,321529
31.01.2025 18:51:26;-0,352552;1,329923;2,816327;-0,234471;1,332712;2,320686
31.01.2025 18:51:27;-0,3530418;1,329157;2,815782;-0,2338938;1,332633;2,323428
31.01.2025 18:51:28;-0,3539608;1,329982;2,815759;-0,2224606;1,318012;2,319819
31.01.2025 18:51:29;-0,3559344;1,331735;2,815024;-0,2331747;1,328768;2,325223
31.01.2025 18:51:30;-0,357359;1,333014;2,814039;-0,2311304;1,327513;2,324953
31.01.2025 18:51:31;-0,3562386;1,331476;2,814512;-0,2212312;1,318643;2,322744
31.01.2025 18:51:32;-0,3551653;1,331775;2,815945;-0,2161524;1,315851;2,316097
31.01.2025 18:51:33;-0,3578028;1,334339;2,813112;-0,2237064;1,32347;2,320605
31.01.2025 18:51:34;-0,3599237;1,336197;2,811696;-0,2229191;1,324674;2,32024
31.01.2025 18:51:38;-0,3560162;1,331809;2,814133;-0,2161109;1,317185;2,319809
31.01.2025 18:51:39;-0,3548688;1,33095;2,815546;-0,2206187;1,320546;2,322253
31.01.2025 18:51:40;-0,3564849;1,33234;2,815206;-0,227723;1,32493;2,323745
31.01.2025 18:51:41;-0,3561961;1,332281;2,814343;-0,226873;1,325123;2,32407
31.01.2025 18:51:42;-0,3561162;1,331887;2,814938;-0,2131628;1,312453;2,318874
31.01.2025 18:51:43;-0,3556854;1,331073;2,814449;-0,2126441;1,30991;2,31741
timestamp;leftHandX;leftHandY;leftHandZ;rightHandX;rightHandY;rightHandZ
31.01.2025 18:52:11;-0,695;1,791;2,536;-0,695;1,791;2,536
31.01.2025 18:52:14;-0,695;1,791;2,536;-0,695;1,791;2,536
31.01.2025 18:52:15;-0,695;1,791;2,536;-0,5110109;1,584406;2,458403
31.01.2025 18:52:16;-0,695;1,791;2,536;-0,695;1,791;2,536
31.01.2025 18:52:17;-0,4445487;1,451977;2,681418;-0,4111018;1,544086;2,458241
31.01.2025 18:52:18;-0,4537588;1,458691;2,679041;-0,695;1,791;2,536
31.01.2025 18:52:19;-0,4402164;1,458489;2,680765;-0,3928451;1,583631;2,432421
31.01.2025 18:52:20;-0,5019504;1,694796;2,791413;-0,2837318;1,403584;2,316442
31.01.2025 18:52:21;-0,695;1,791;2,536;-0,2380489;1,33666;2,32204
31.01.2025 18:52:22;-0,695;1,791;2,536;-0,2364863;1,32493;2,317502
31.01.2025 18:52:23;-0,695;1,791;2,536;-0,2357473;1,327817;2,319466
31.01.2025 18:52:24;-0,695;1,791;2,536;-0,2411236;1,325344;2,314348
31.01.2025 18:52:25;-0,695;1,791;2,536;-0,2192554;1,317639;2,306515
31.01.2025 18:52:26;-0,695;1,791;2,536;-0,2288881;1,318851;2,311417
31.01.2025 18:52:27;-0,695;1,791;2,536;-0,2340186;1,319956;2,313628
31.01.2025 18:52:28;-0,695;1,791;2,536;-0,2382986;1,321827;2,316164
31.01.2025 18:52:29;-0,695;1,791;2,536;-0,2391379;1,320938;2,316819
31.01.2025 18:52:30;-0,695;1,791;2,536;-0,2388115;1,319981;2,316512
31.01.2025 18:52:31;-0,695;1,791;2,536;-0,2554094;1,335065;2,329062
31.01.2025 18:52:32;-0,695;1,791;2,536;-0,2596434;1,337413;2,3335
31.01.2025 18:52:33;-0,695;1,791;2,536;-0,2368996;1,33669;2,324995
31.01.2025 18:52:34;-0,3744679;1,329738;2,806805;-0,2939807;1,397086;2,353951
31.01.2025 18:52:35;-0,3761121;1,334125;2,806066;-0,2885815;1,402255;2,373672
31.01.2025 18:52:36;-0,3779529;1,338688;2,802535;-0,2353281;1,310635;2,305521
31.01.2025 18:52:37;-0,3802792;1,341954;2,801083;-0,2375721;1,34465;2,316607
31.01.2025 18:52:38;-0,3809932;1,342374;2,800886;-0,2420551;1,347664;2,317893
31.01.2025 18:52:39;-0,695;1,791;2,536;-0,2253454;1,322432;2,307296
31.01.2025 18:52:40;-0,695;1,791;2,536;-0,2017666;1,313624;2,298893
31.01.2025 18:52:41;-0,695;1,791;2,536;-0,2125322;1,311016;2,299131
31.01.2025 18:52:42;-0,695;1,791;2,536;-0,218354;1,310459;2,301334
31.01.2025 18:52:43;-0,695;1,791;2,536;-0,2200965;1,314426;2,301322
31.01.2025 18:52:44;-0,695;1,791;2,536;-0,2178997;1,313453;2,302995
31.01.2025 18:52:45;-0,695;1,791;2,536;-0,2199277;1,31525;2,304306
31.01.2025 18:52:46;-0,695;1,791;2,536;-0,2266892;1,318065;2,308995
31.01.2025 18:52:47;-0,695;1,791;2,536;-0,2222583;1,321303;2,304252
31.01.2025 18:52:48;-0,695;1,791;2,536;-0,217535;1,312949;2,304524
31.01.2025 18:52:49;-0,695;1,791;2,536;-0,695;1,791;2,536
31.01.2025 18:52:50;-0,695;1,791;2,536;-0,695;1,791;2,536
31.01.2025 18:52:51;-0,3496135;1,324072;2,815508;-0,2533651;1,345111;2,322131
31.01.2025 18:52:52;-0,352471;1,329841;2,813166;-0,2260335;1,319707;2,306447
31.01.2025 18:52:53;-0,3508075;1,325406;2,814203;-0,2183751;1,319259;2,303285
31.01.2025 18:52:56;-0,3556125;1,333464;2,812444;-0,2180363;1,317021;2,30185
timestamp;leftHandX;leftHandY;leftHandZ;rightHandX;rightHandY;rightHandZ
31.01.2025 18:54:53;-0,695;1,791;2,536;-0,695;1,791;2,536
31.01.2025 18:54:56;-0,695;1,791;2,536;-0,695;1,791;2,536
31.01.2025 18:54:57;-0,5246932;1,508833;2,66323;-0,695;1,791;2,536
31.01.2025 18:54:58;-0,4900107;1,506821;2,678935;-0,695;1,791;2,536
31.01.2025 18:54:59;-0,695;1,791;2,536;-0,4146003;1,509972;2,452178
31.01.2025 18:55:00;-0,4972884;1,514919;2,669518;-0,4568762;1,544427;2,457519
31.01.2025 18:55:01;-0,4937569;1,492923;2,706746;-0,695;1,791;2,536
31.01.2025 18:55:02;-0,5003802;1,484652;2,678459;-0,399293;1,516132;2,4054
31.01.2025 18:55:03;-0,5428282;1,531869;2,689831;-0,695;1,791;2,536
31.01.2025 18:55:04;-0,5037529;1,511199;2,65401;-0,4554158;1,543482;2,455226
31.01.2025 18:55:05;-0,695;1,791;2,536;-0,4188598;1,535733;2,460675
31.01.2025 18:55:06;-0,4779913;1,498456;2,669432;-0,4472623;1,540697;2,447048
31.01.2025 18:55:07;-0,4820053;1,504727;2,676083;-0,4101587;1,600626;2,329008
31.01.2025 18:55:08;-0,4682008;1,49689;2,675919;-0,4048611;1,584333;2,340834
31.01.2025 18:55:09;-0,4586436;1,492745;2,696319;-0,380028;1,580756;2,3496
31.01.2025 18:55:10;-0,4547278;1,486157;2,695412;-0,3850269;1,583817;2,349118
31.01.2025 18:55:11;-0,4504339;1,489076;2,696668;-0,3780918;1,579514;2,350296
31.01.2025 18:55:12;-0,478271;1,506099;2,678442;-0,402625;1,582827;2,35324
31.01.2025 18:55:13;-0,4876082;1,506678;2,681557;-0,4112156;1,578056;2,367949
31.01.2025 18:55:14;-0,492851;1,508123;2,682154;-0,3918596;1,584123;2,358271
31.01.2025 18:55:15;-0,5984621;1,57477;2,727604;-0,4654118;1,587014;2,330232
31.01.2025 18:55:16;-0,695;1,791;2,536;-0,695;1,791;2,536
31.01.2025 18:55:17;-0,695;1,791;2,536;-0,695;1,791;2,536
31.01.2025 18:55:18;-0,695;1,791;2,536;-0,2462564;1,343807;2,31462
timestamp;leftHandX;leftHandY;leftHandZ;rightHandX;rightHandY;rightHandZ
31.01.2025 18:58:16;-0,695;1,791;2,536;-0,695;1,791;2,536
31.01.2025 18:58:19;-0,695;1,791;2,536;-0,695;1,791;2,536
31.01.2025 18:58:20;-0,4968956;1,528636;2,687188;-0,4228984;1,549068;2,435358
31.01.2025 18:58:21;-0,4789196;1,52879;2,700866;-0,3579571;1,5946;2,447577
31.01.2025 18:58:22;-0,695;1,791;2,536;-0,4393707;1,5601;2,446163
31.01.2025 18:58:23;-0,695;1,791;2,536;-0,695;1,791;2,536
31.01.2025 18:58:24;-0,5008374;1,572703;2,734232;-0,695;1,791;2,536
31.01.2025 18:58:25;-0,4837752;1,555497;2,729533;-0,695;1,791;2,536
31.01.2025 18:58:26;-0,4086155;1,534656;2,744;-0,695;1,791;2,536
31.01.2025 18:58:27;-0,4877621;1,535514;2,723774;-0,695;1,791;2,536
31.01.2025 18:58:28;-0,4108247;1,331796;2,771796;-0,695;1,791;2,536
31.01.2025 18:58:29;-0,3940469;1,325652;2,769138;-0,695;1,791;2,536
31.01.2025 18:58:30;-0,4086951;1,330378;2,76703;-0,695;1,791;2,536
31.01.2025 18:58:31;-0,5956348;1,654984;2,711832;-0,2490529;1,343699;2,323652
timestamp;leftHandX;leftHandY;leftHandZ;rightHandX;rightHandY;rightHandZ
31.01.2025 19:01:38;-0,695;1,791;2,536;-0,695;1,791;2,536
31.01.2025 19:01:41;-0,695;1,791;2,536;-0,695;1,791;2,536
31.01.2025 19:01:42;-0,5127618;1,523084;2,656015;-0,4886543;1,535651;2,464795
31.01.2025 19:01:43;-0,4586907;1,551172;2,807857;-0,3004526;1,565618;2,313689
31.01.2025 19:01:44;-0,695;1,791;2,536;-0,2620904;1,337731;2,298319
31.01.2025 19:01:45;-0,695;1,791;2,536;-0,2050535;1,313356;2,295069
31.01.2025 19:01:46;-0,695;1,791;2,536;-0,2189424;1,321106;2,30057
31.01.2025 19:01:47;-0,695;1,791;2,536;-0,2163875;1,31789;2,298713
31.01.2025 19:01:48;-0,7066097;1,690281;2,632566;-0,2037508;1,302859;2,293438
31.01.2025 19:01:49;-0,695;1,791;2,536;-0,2044486;1,307211;2,292969
timestamp;leftHandX;leftHandY;leftHandZ;rightHandX;rightHandY;rightHandZ
31.01.2025 19:02:04;-0,695;0;2,536;-0,695;0;2,536
31.01.2025 19:02:06;-0,695;0;2,536;-0,695;0;2,536
31.01.2025 19:02:07;-0,695;0;2,536;-0,695;0;2,536
timestamp;leftHandX;leftHandY;leftHandZ;rightHandX;rightHandY;rightHandZ
31.01.2025 19:04:11;-0,695;1,791;2,536;-0,695;1,791;2,536
31.01.2025 19:04:14;-0,695;1,791;2,536;-0,695;1,791;2,536
31.01.2025 19:04:15;-0,695;1,791;2,536;-0,695;1,791;2,536
31.01.2025 19:04:16;-0,695;1,791;2,536;-0,695;1,791;2,536
31.01.2025 19:04:17;-0,695;1,791;2,536;-0,695;1,791;2,536
31.01.2025 19:04:18;-0,695;1,791;2,536;-0,695;1,791;2,536
31.01.2025 19:04:19;-0,695;1,791;2,536;-0,695;1,791;2,536
31.01.2025 19:04:20;-0,695;1,791;2,536;-0,695;1,791;2,536
31.01.2025 19:04:21;-0,695;1,791;2,536;-0,695;1,791;2,536
31.01.2025 19:04:22;-0,695;1,791;2,536;-0,695;1,791;2,536
31.01.2025 19:04:23;-0,695;1,791;2,536;-0,695;1,791;2,536
31.01.2025 19:04:24;-0,434411;0,699452;3,1418;-0,6497041;0,8725535;1,459037
31.01.2025 19:04:25;-0,3092986;0,998288;3,002265;-0,4147976;1,132983;1,968994
31.01.2025 19:04:26;-0,2904767;1,293681;2,950069;-0,182452;1,281782;2,368134
31.01.2025 19:04:27;-0,3268846;1,311157;3,007569;-0,1871575;1,249612;2,36075
31.01.2025 19:04:28;-0,695;1,791;2,536;-0,695;1,791;2,536
31.01.2025 19:04:29;0,05610174;0,7661089;3,123628;0,2492521;0,8175222;2,05351
